mae,smape,test_rows
5.112860215651504,0.36884567768276255,103966
